Date,Asset 0,Asset 1
2020-01-01,100.59027365922857,99.97175198148328
2020-01-02,100.45812504743445,100.49897896615671
2020-01-03,101.22423928374722,100.57839884362885
2020-01-06,103.01359364962883,100.92367247618898
2020-01-07,102.76646476890627,100.8920459385664
2020-01-08,102.51994783373416,100.88218412833739
2020-01-09,104.39869312876719,101.08203436622154
2020-01-10,105.3377889243472,101.30026559272558
2020-01-13,104.80506065102621,101.27912469608475
2020-01-14,105.47851539236875,100.68432391897684
2020-01-15,104.95228292060202,100.64962053807484
2020-01-16,104.42593812532108,100.8312787926704
2020-01-17,104.73934790042436,100.84493279488362
2020-01-20,102.51749621218225,100.96861518610858
2020-01-21,100.55732104683757,101.04515499013883
2020-01-22,99.94353303923732,100.6881187200154
2020-01-23,98.82732210799169,100.92003660282131
2020-01-24,99.20520776117053,100.78031093552462
2020-01-27,98.21389083350074,100.6606917272006
2020-01-28,96.67809154739378,100.81837453261284
2020-01-29,98.323089266106,100.64035464679037
2020-01-30,98.09653033391075,100.71442826002549
2020-01-31,98.1965291226341,100.50513868772042
2020-02-03,96.64736272617453,100.46531333762441
2020-02-04,96.07694426052412,100.37845780003953
2020-02-05,96.22221841872626,100.26931876909129
2020-02-06,94.99862576585348,100.07087078449175
2020-02-07,95.42834155101974,100.06711724067299
2020-02-10,94.80462430007815,100.10534094540668
2020-02-11,94.51550224614371,100.34682276109564
2020-02-12,93.89661427959098,100.20947187927405
2020-02-13,95.91384723858188,100.2304168284265
2020-02-14,95.92345161707513,100.79712103901797
2020-02-17,94.80388167776717,100.9043746682695
2020-02-18,95.71646307548339,101.03487930504389
2020-02-19,94.42448555717446,101.15296604886133
2020-02-20,94.67234078645627,100.7271791525294
2020-02-21,92.61531248734907,100.67296222750086
2020-02-24,91.25405684211876,100.1392692046814
2020-02-25,91.4811391219844,100.3644869150012
2020-02-26,92.27372392482175,100.80308226050583
2020-02-27,92.47660818403433,100.67653071729762
2020-02-28,92.37880547688792,101.13259203603144
2020-03-02,92.08725523048315,100.85485990899616
2020-03-03,90.57922345398009,100.56006909659799
2020-03-04,89.86564966731365,100.70789475358346
2020-03-05,89.42012739100296,100.5087016309442
2020-03-06,90.5213386769951,100.39064897177738
2020-03-09,90.89773189063197,100.67346774602402
2020-03-10,89.12119878806509,100.43417386090358
2020-03-11,89.47195004901253,100.37044601068106
2020-03-12,89.10468556928231,100.34845109152634
2020-03-13,88.44576342045673,100.45186725528814
2020-03-16,89.0838849384513,100.64503560893785
2020-03-17,90.15424741994902,100.62643973478083
2020-03-18,91.13436556399535,100.33060450831546
2020-03-19,90.29411661110342,100.5939401751991
2020-03-20,90.00087030279248,101.33313307599465
2020-03-23,90.36243953301607,101.55054152046081
2020-03-24,91.39068017088731,101.70184243422449
2020-03-25,90.91848676152757,101.61336587279041
2020-03-26,90.75026152008442,101.55657452785098
2020-03-27,89.64163335541564,101.20930724273119
2020-03-30,88.45636118604503,101.37458746454429
2020-03-31,89.29769609051019,101.34762939097293
2020-04-01,90.70451895015339,101.68480564799991
2020-04-02,90.65343554575371,101.42717958031216
2020-04-03,91.71408843282273,101.78422004945833
2020-04-06,92.11425836954352,101.71250507598417
2020-04-07,91.46605770718966,101.56373942364685
2020-04-08,91.86489499471061,101.4479089414688
2020-04-09,93.50471240185938,101.30007485146434
2020-04-10,93.4904021803236,100.77610060013936
2020-04-13,95.18794889961639,100.94626653786096
2020-04-14,92.42536036998172,101.1511177365978
2020-04-15,93.31436641608838,101.48525290827828
2020-04-16,93.43016627339041,101.6735118540427
2020-04-17,93.13751178326015,101.84946740958316
2020-04-20,93.25807653456407,101.42733962744205
2020-04-21,91.20292125626082,101.48187999838667
2020-04-22,90.99906733600831,101.20022645369704
2020-04-23,91.39142977807181,101.1367898136187
2020-04-24,92.95938021661081,101.50106560092924
2020-04-27,92.43809420038454,101.51704067357011
2020-04-28,91.61773691955828,100.85834999630463
2020-04-29,91.12103447263222,100.61179619958189
2020-04-30,92.09508085365954,100.47567982162076
2020-05-01,92.46242933970744,100.42621633835634
2020-05-04,91.93195200251527,100.67153418588863
2020-05-05,92.49196089276255,100.89171052792727
2020-05-06,92.61727339699969,101.10609195541653
2020-05-07,93.66384338603612,101.17300072148605
2020-05-08,92.9447173397935,101.10549927955515
2020-05-11,92.62348380311626,101.02109653464841
2020-05-12,92.23593455474511,101.13885652548417
2020-05-13,90.74090749786288,101.38487664699272
2020-05-14,91.06915274528797,101.79005365712793
2020-05-15,91.36225254952251,101.8218272184561
2020-05-18,91.39068486308541,101.90526178310053
2020-05-19,91.17099084519586,102.2951947610498
2020-05-20,89.74220242609054,102.02319579004148
2020-05-21,89.337796151843,102.24230377769969
2020-05-22,89.01383479379518,102.04728339034823
2020-05-25,88.23008549348954,102.46573877750376
2020-05-26,88.09117668139349,102.83720700247964
2020-05-27,88.51810057998847,103.27215765790783
2020-05-28,90.4545549953464,103.68199402638957
2020-05-29,90.6567385885242,103.90975557172581
2020-06-01,90.94489669679923,103.65012267824585
2020-06-02,90.8911675293143,103.78733211000863
2020-06-03,88.95754056867595,104.02977397879994
2020-06-04,88.95331834496973,104.16291365192376
2020-06-05,89.03662840146168,104.1407918698199
2020-06-08,91.58170777426689,104.18990946141164
2020-06-09,91.40530891964606,104.29966276884983
2020-06-10,91.74160290788929,104.03823452776162
2020-06-11,91.72872146844034,104.22436602581773
2020-06-12,90.54411157582048,104.37815123482659
2020-06-15,91.7482781471834,104.35146463378537
2020-06-16,92.55730939962638,104.53519354909776
2020-06-17,93.4148800204663,104.85013889689216
2020-06-18,92.47999377753179,104.58985014004902
2020-06-19,93.98655166271548,104.98615016573847
2020-06-22,92.52782242586466,105.26337230522704
2020-06-23,93.16917166471995,105.5386110673836
2020-06-24,95.53641633053105,105.81222909684776
2020-06-25,94.49331072674055,106.01095780998115
2020-06-26,93.91226618198809,106.0192086774467
2020-06-29,94.04224750301162,105.83155777368607
2020-06-30,93.53057798642389,105.97637201056523
2020-07-01,91.92368520036149,106.01994637605299
2020-07-02,92.01847110589247,105.84286623869517
2020-07-03,90.93974210300854,106.32129973454101
2020-07-06,91.45255566635602,106.55483790228753
2020-07-07,90.52700502094672,106.47951118582574
2020-07-08,92.15537240213791,106.06600545194269
2020-07-09,91.36366856098431,105.85032210872751
2020-07-10,91.053681607941,105.98879354334602
2020-07-13,91.92075371237287,105.92805563616561
2020-07-14,90.66970773722444,105.58503058635486
2020-07-15,90.92687809748452,105.66411096961272
2020-07-16,92.30796443800867,105.62990231741544
2020-07-17,90.66364540948294,105.53083462062234
2020-07-20,90.87665796623509,105.20833179894223
2020-07-21,91.16792618552705,105.30511190778813
2020-07-22,92.00301620573465,105.02890392536031
2020-07-23,90.74458784114957,104.98063955815414
2020-07-24,89.41866464861631,105.29611166594421
2020-07-27,89.97221252055711,105.63486494019227
2020-07-28,90.29856214027514,105.60882427615952
2020-07-29,90.57833294247469,104.80050856379206
2020-07-30,90.95788177649484,105.00813242083036
2020-07-31,90.28207906776075,104.77061026569088
2020-08-03,90.54307142004194,104.41136379266203
2020-08-04,90.86746068835335,104.61418427756473
2020-08-05,90.15723123130385,104.13564388369214
2020-08-06,92.10822356127093,104.33071087844105
2020-08-07,92.62787883448773,104.57688531763625
2020-08-10,91.40820332207363,104.71740064321422
2020-08-11,92.11455993358406,104.78069312278694
2020-08-12,91.12519610470355,104.75906150065171
2020-08-13,91.96538143588984,104.63940162105902
2020-08-14,93.20511769933115,104.36246032335868
2020-08-17,92.36518693906903,104.99518291874197
2020-08-18,93.40332797821767,104.88561256400469
2020-08-19,93.86528785162139,104.64981076977256
2020-08-20,94.7683134504495,104.63319609367514
2020-08-21,96.85314793164964,104.7935704463207
2020-08-24,96.60849017780548,105.07146224015185
2020-08-25,95.81059149172795,105.01911137024138
2020-08-26,94.8731054166852,104.97676670990373
2020-08-27,94.02333740565886,104.77304293099905
2020-08-28,93.96495984074062,104.71343139365517
2020-08-31,94.35303318454415,104.9499866883036
2020-09-01,94.67348512669011,104.94155179939804
2020-09-02,95.58983862864794,104.85251625061368
2020-09-03,95.62813979950946,104.90569622490406
2020-09-04,97.24191355731506,104.70724906468685
2020-09-07,96.97508367217735,104.14757618046646
2020-09-08,100.0380956474759,104.02788658296596
2020-09-09,100.77584010407203,103.25524806134167
2020-09-10,99.82638896800778,103.1943290762981
2020-09-11,98.6465206222231,103.30926759274723
2020-09-14,99.21278226752015,103.57455434924674
2020-09-15,98.98676994444115,103.72084141705788
2020-09-16,99.81668797300478,103.7382282382775
2020-09-17,100.3791552210179,103.47835310798554
2020-09-18,100.32169179594072,103.20010660735524
2020-09-21,99.3881982861767,103.1533701111518
2020-09-22,97.72034713360986,102.93661748460838
2020-09-23,97.25145751228943,102.6951805396206
2020-09-24,98.22529746378945,102.71456146970795
2020-09-25,98.48897010811993,102.50216906353684
2020-09-28,97.13214664227954,102.04177228310516
2020-09-29,97.34771403364691,101.9934189271471
2020-09-30,97.79872230818935,101.75740187864824
2020-10-01,96.84799484508734,101.89795764836738
2020-10-02,97.04152108962086,102.23853021270332
2020-10-05,97.13017982684978,102.4423117073381
2020-10-06,95.903765735268,102.56284790494385
2020-10-07,96.31801282396125,102.9242236512545
2020-10-08,96.95696534384497,102.67799030661276
2020-10-09,98.17985435539353,102.53675096127806
2020-10-12,99.38520026716463,102.59250833307382
2020-10-13,97.8695122925973,102.49808334774626
2020-10-14,96.85880721782996,102.54339782727881
2020-10-15,97.45078175215286,102.45355256821247
2020-10-16,98.04498536610421,102.39367594368713
2020-10-19,98.64422338780669,102.29127565161411
2020-10-20,103.07518955026953,102.49103297719981
2020-10-21,103.77085822946313,102.45077442553993
2020-10-22,105.14227792004853,102.12081862302796
2020-10-23,106.31272627646304,102.09725543718575
2020-10-26,107.12798655578256,101.94851118355541
2020-10-27,106.77273600480142,102.32789874379729
2020-10-28,107.72284619237415,102.42916818366332
2020-10-29,106.81003150709694,102.76549202287075
2020-10-30,106.55057489696678,102.80208487311884
2020-11-02,105.99261515822755,103.04876895705407
2020-11-03,106.11792369533816,103.25543641292695
2020-11-04,108.96752468988622,103.40860848315133
2020-11-05,106.7116435656074,102.96413124879919
2020-11-06,107.57248618394797,103.02377917784791
2020-11-09,105.64998540229946,103.38551360375476
2020-11-10,105.1127492186015,103.3968977400406
2020-11-11,106.44562484008529,103.71007363287768
2020-11-12,106.5502102073581,103.5925228529416
2020-11-13,105.28269112908805,103.52035085094519
2020-11-16,104.4586627948362,103.70801958759573
2020-11-17,105.2933759347654,103.34716469935688
2020-11-18,104.45142240848932,103.7915326122351
2020-11-19,104.73461665361394,103.72745482147624
2020-11-20,104.81528400464155,104.07923894347732
2020-11-23,104.07005957861944,103.93045562260801
2020-11-24,106.65800894333583,104.13544700694544
2020-11-25,107.45462638792283,104.03432298383042
2020-11-26,105.04185548990984,103.63967624376795
2020-11-27,105.29082277936874,103.53705745342484
2020-11-30,104.53014342947426,103.51532555477168
2020-12-01,105.57212237601993,103.64846327965836
2020-12-02,104.65415772058697,103.45028152849088
2020-12-03,104.54455702234866,103.59372320791648
2020-12-04,105.17152151727767,103.53394744303426
2020-12-07,106.23594018944213,103.02679999684328
2020-12-08,104.8263911415533,103.29058113168969
2020-12-09,104.45599175341714,103.57942563546668
2020-12-10,103.92127612168123,103.49410369973286
2020-12-11,103.18038524880669,103.45314383253708
2020-12-14,105.29335519776986,103.32451653224678
2020-12-15,105.80476425605335,103.43149230047062
2020-12-16,104.32923746831806,103.28578177186768
2020-12-17,105.44741518867052,103.51035443345866
2020-12-18,108.04292031356731,103.48056109204762
2020-12-21,109.34289703097342,103.15051413518961
2020-12-22,107.50248109805824,103.33692170994351
2020-12-23,106.94090622206022,103.46740807164501
2020-12-24,108.51571490756866,102.99460416797912
2020-12-25,107.67570274470764,103.050692155503
2020-12-28,108.24634169494234,103.20437160583316
2020-12-29,109.22896446592327,103.18792980867717
2020-12-30,108.11430439717502,103.07116975748085
2020-12-31,108.06871361610737,103.39861649921134
2021-01-01,104.1953934426584,103.23431739060804
2021-01-04,103.01819571874825,103.69667594731862
2021-01-05,102.74959903645113,103.51613945960771
2021-01-06,101.33173040752696,103.76955223400522
2021-01-07,103.2509645014741,104.25041177184984
2021-01-08,101.6158440999597,103.92197171377806
2021-01-11,101.13568266097485,104.0550799893913
2021-01-12,101.31136955015403,103.87410626093454
2021-01-13,103.0067292853154,104.09209304925125
2021-01-14,101.36890092535349,104.47733505772237
2021-01-15,102.7407226684658,104.95366845296414
2021-01-18,102.77866222558816,105.23353240738797
2021-01-19,101.66688934128887,105.15366573026263
2021-01-20,102.2268755817378,105.35319594751138
2021-01-21,102.4838180115603,106.06265150662233
2021-01-22,101.8144733111405,106.4081262374903
2021-01-25,101.92088997113945,107.01695569402936
2021-01-26,101.50225885135778,107.33985548697899
2021-01-27,101.65872734869639,107.03059256356488
2021-01-28,102.45077342868876,106.97022290883442
2021-01-29,104.33630030448377,107.17578248532733
2021-02-01,102.90816669167535,106.93723346442623
2021-02-02,105.45417566566667,107.13834868230818
2021-02-03,103.1717509207349,106.63437467176449
2021-02-04,103.02041552685928,106.6297987818013
2021-02-05,103.73621079502232,106.80400450341969
2021-02-08,104.09360736911808,106.32105659249294
2021-02-09,103.3873889502002,106.48508639633685
2021-02-10,103.16981098195865,106.74509208532872
2021-02-11,102.62066753945922,107.01423915502362
2021-02-12,101.96297496696344,106.59069212074147
2021-02-15,102.97605791027908,106.22716218714541
2021-02-16,103.41994792513522,106.55331639713124
2021-02-17,102.63655765944301,106.88091817674047
2021-02-18,103.71511484708967,106.61843706283697
2021-02-19,104.10348825759937,106.2839233553774
2021-02-22,105.09404841538455,106.56566387996911
2021-02-23,105.8738343318081,106.06439632631512
2021-02-24,104.90984872465458,106.2645002315213
2021-02-25,104.27198403100873,105.8463874262194
2021-02-26,105.18591505763213,105.48607089739849
2021-03-01,105.94324507805908,105.5317231230845
2021-03-02,105.9449584913309,105.72925103318937
2021-03-03,106.11285969562152,105.93441962137116
2021-03-04,107.68860491185805,105.99154366241386
2021-03-05,106.99575493237681,105.77810661569215
2021-03-08,107.68882689709629,105.5801466246993
2021-03-09,107.46942208378299,105.65920007847971
2021-03-10,107.23163022004232,105.85748453595995
2021-03-11,108.60347402363296,105.63361556402324
2021-03-12,109.65246030562949,105.46302395228957
2021-03-15,110.69663250567459,105.31557766502908
2021-03-16,112.3758809494505,105.34069893810734
2021-03-17,112.43110880730418,105.10118145257654
2021-03-18,113.33255512563363,105.10713200811466
2021-03-19,112.96313681892545,105.1719162173091
2021-03-22,113.40782792015116,105.31707274902493
2021-03-23,113.26927054935109,105.44747725645607
2021-03-24,113.42262821512684,105.12456357640406
2021-03-25,114.2195571061342,105.14992324526358
2021-03-26,113.19341127618326,105.27700145327618
2021-03-29,115.94043594824042,105.10383693623795
2021-03-30,114.65442287416107,105.00879705050411
2021-03-31,113.11535690660337,105.38791667212395
2021-04-01,114.63957464455451,104.87503337898032
2021-04-02,115.70257143171938,105.45843944951972
2021-04-05,116.55379045408321,105.79204284773705
2021-04-06,117.41689773729178,105.72032648273833
2021-04-07,117.43032034217254,106.16386023077935
2021-04-08,116.27108514916358,105.91607274470942
2021-04-09,116.40053402699586,106.06579699026204
2021-04-12,115.5394471787768,105.70403243386444
2021-04-13,116.8536151344559,106.13401842318042
2021-04-14,116.68846595315716,105.97289435437641
2021-04-15,115.6305986714286,106.21475319118518
2021-04-16,115.23915956708773,106.2822210876588
2021-04-19,115.8093140929187,106.19355785038678
2021-04-20,115.10055452497707,106.05965227052023
2021-04-21,114.06132075432352,106.75112517044454
2021-04-22,114.40588649392906,106.5822142066382
2021-04-23,114.75315778897898,106.73706484039838
2021-04-26,114.1243161427399,106.93257815008748
2021-04-27,113.54513794110026,107.25575679432939
2021-04-28,113.8731173163087,107.56818215847895
2021-04-29,112.04698184527489,107.2820804433436
2021-04-30,110.30092358215282,107.29265151825882
2021-05-03,109.43372145125676,107.48836802679192
2021-05-04,109.19682566049005,107.58566484866876
2021-05-05,109.61021019341007,107.41241664294823
2021-05-06,111.48752157684302,107.30006704049954
2021-05-07,112.60552603138012,107.29864434801021
2021-05-10,112.42995812347245,107.00630802681637
2021-05-11,112.43418006833055,107.00956025980753
2021-05-12,111.19145601654536,107.18209478350886
2021-05-13,111.19626574841695,107.34229733256804
2021-05-14,110.86096993554769,107.49371379838877
2021-05-17,111.29555854924267,107.26478858746967
2021-05-18,110.28441387834256,106.8368745209466
2021-05-19,110.96386637811896,106.9416475828266
2021-05-20,112.93782211036576,106.76048415143977
2021-05-21,112.82719166770742,106.87772219475235
2021-05-24,113.37098884595291,107.31593140482765
2021-05-25,114.2905854266972,107.38047546573064
2021-05-26,113.80061913881664,107.33164206423231
2021-05-27,114.11903916228643,107.14336203658644
2021-05-28,114.16423457087978,106.89966410246672
2021-05-31,114.31968557624063,107.25783136479056
2021-06-01,113.35073380954464,106.61207675600492
2021-06-02,113.41094967657719,106.57207431757212
2021-06-03,114.08204574827172,106.90332735718471
2021-06-04,116.00409422815581,106.64091421354087
2021-06-07,117.30246488190484,106.6333570770691
2021-06-08,120.23206349229815,106.57011912814957
2021-06-09,119.22065368599608,106.73410301020452
2021-06-10,120.43622620203264,107.13392599433776
2021-06-11,120.7174205763284,107.02633196474956
2021-06-14,123.78369573945764,106.76497287779085
2021-06-15,122.6854284011871,106.6001407845202
2021-06-16,121.55358697670793,107.13668516981278
2021-06-17,120.76082197123188,107.68075621388233
2021-06-18,117.91716332514514,107.80534801722497
2021-06-21,117.24597111427406,107.98233002715278
2021-06-22,116.27051064371845,107.82076452888924
2021-06-23,116.49844722778614,108.10620763439258
2021-06-24,116.98038457318212,108.04726188068479
2021-06-25,119.52591619709685,107.82627239075285
2021-06-28,120.85158080184264,107.90375500908993
2021-06-29,120.09401444793993,107.83103547320036
2021-06-30,118.9069196876314,107.89876795436734
2021-07-01,119.60229296252301,107.89983627452577
2021-07-02,117.85501121004485,108.00465765251283
2021-07-05,120.35853928051125,108.04856638495978
2021-07-06,122.00986278283821,108.56978025388938
2021-07-07,121.39322947806113,108.78418474766114
2021-07-08,119.08805311438,108.70263311045409
2021-07-09,120.96095480777093,108.85804166354653
2021-07-12,120.83454592510579,108.70790871562484
2021-07-13,122.57350773022861,108.71576709808761
2021-07-14,120.40787978250948,108.45009188553327
2021-07-15,119.62261091178672,108.18001130731531
2021-07-16,119.66001468248342,108.22874846767836
2021-07-19,119.75409059055096,107.85438944392271
2021-07-20,119.17467892838604,107.90173463941466
2021-07-21,120.0497134767223,107.80769869636858
2021-07-22,118.6352230505725,107.83003135658342
2021-07-23,118.47383988875582,108.03415581446806
2021-07-26,118.66559065468462,108.31809533737467
2021-07-27,119.39003485666781,108.43955753592931
2021-07-28,120.38775995316125,108.211925008734
2021-07-29,118.89238998100002,108.39539343994487
2021-07-30,116.871700138981,108.80626361967272
2021-08-02,118.60722705719795,108.90273877765767
2021-08-03,119.08513796942934,108.3965327118165
2021-08-04,118.10863274565111,108.064181572358
2021-08-05,120.23478852354418,108.16461408273621
2021-08-06,120.42307940180581,108.09135494379878
2021-08-09,122.07509054364174,108.72525897840404
2021-08-10,122.19951940490277,108.6021782796917
2021-08-11,125.12021230156294,108.54821152428542
2021-08-12,127.66783379604156,108.70864310384236
2021-08-13,127.34017246880778,108.06501787759221
2021-08-16,128.78338187820395,108.31506993345756
2021-08-17,129.76210762026932,108.25536856893126
2021-08-18,131.82494002400247,107.87932454527744
2021-08-19,130.42349392942307,107.77560998577577
2021-08-20,131.47530882441876,108.10184637528508
2021-08-23,133.09639612641183,108.18826666096999
2021-08-24,130.50148315983142,107.45308291100373
2021-08-25,128.79485614438644,107.58425414653259
2021-08-26,125.88280200042716,107.5086662468711
2021-08-27,125.53062082939535,107.57493497620736
2021-08-30,126.58816963007729,107.23747685769919
2021-08-31,128.7956913489496,107.51613182528132
2021-09-01,128.9365846065341,107.79167883324112
2021-09-02,131.3730032717411,107.83914265167114
2021-09-03,129.36591319531027,107.85110236555562
2021-09-06,126.9233750874142,108.1682703545348
2021-09-07,126.87557496185798,108.31016820054498
2021-09-08,127.46157529707334,108.24832521244012
2021-09-09,127.44659319772754,108.20800710101119
2021-09-10,124.52518500615206,108.34572991929751
2021-09-13,124.43091135424835,108.8590865550133
2021-09-14,122.63500610440641,108.74055991907399
2021-09-15,123.6010526212306,108.63141472247382
2021-09-16,124.14733792678221,108.86159699431239
2021-09-17,122.86239740945628,108.72723966398536
2021-09-20,122.17952510104635,108.48365221164045
2021-09-21,120.75145021461167,108.20585947010797
2021-09-22,120.69621428697926,108.61211769729535
2021-09-23,122.04138804603599,108.3881296692488
2021-09-24,120.71547439533997,108.33472546750944
2021-09-27,121.43812213187807,107.93874129170231
2021-09-28,120.74072386057885,107.92676198536778
2021-09-29,119.69038820353548,107.82660477187123
2021-09-30,119.57548847888859,107.78927991524398
2021-10-01,118.20997647143203,107.68346841206717
2021-10-04,117.49994744261227,107.7020409621553
2021-10-05,115.9441259590913,107.66171260835755
2021-10-06,118.58612215960105,107.61498386278299
2021-10-07,118.66358723542245,107.43545411137241
2021-10-08,117.75562761941751,107.26181978125675
2021-10-11,118.07157441617706,107.50115734985033
2021-10-12,117.95114315524353,107.47570247341886
2021-10-13,117.68577072533553,107.8074493889584
2021-10-14,118.53820135441093,107.70102345568901
2021-10-15,119.59102388826715,107.55678343239752
2021-10-18,118.90390484765545,107.85369777010408
2021-10-19,118.1600018722432,107.82346910947074
2021-10-20,117.8218850743809,107.753140367612
2021-10-21,114.81542943330751,107.66734434872573
2021-10-22,112.88825102832429,108.05610784811101
2021-10-25,114.68055406623763,108.07983047331957
2021-10-26,116.86925457295013,108.26586918250516
2021-10-27,116.56921293067839,108.5745008825868
2021-10-28,117.36349517784636,108.70259626771717
2021-10-29,117.80825376649808,108.42362176009087
2021-11-01,122.02460883597553,108.53723881508263
2021-11-02,123.61485167742015,108.90340798280394
2021-11-03,123.46693932521826,109.15342720895443
2021-11-04,122.16734521050387,109.22715685116104
2021-11-05,119.99253978458259,109.09691931244426
2021-11-08,120.30014253001464,109.35999390731688
2021-11-09,119.30303526227301,108.86438872837911
2021-11-10,117.42421002841488,109.17294409897087
2021-11-11,116.59598410129533,109.5349013318595
2021-11-12,115.20399248164523,109.3062224410172
2021-11-15,117.45883916013113,109.34455537559506
2021-11-16,118.66898719178454,108.86534547328566
2021-11-17,118.68830491229147,108.86041481949549
2021-11-18,120.72737859173195,108.7065920329471
2021-11-19,120.86393187489601,108.35652096789529
2021-11-22,119.71962044266789,108.4382406321255
2021-11-23,121.83605029099174,108.8980849641753
2021-11-24,122.61386776425056,109.17001630444642
2021-11-25,121.21090438074053,109.0681191810153
2021-11-26,120.98020976813206,109.48132917904294
2021-11-29,119.81532193285315,109.74823632567936
2021-11-30,117.98119801246531,110.32556928526944
2021-12-01,119.25693864232605,110.26020964203273
2021-12-02,121.89795228000932,110.53920880947534
2021-12-03,120.01048895372253,111.08494375705473
2021-12-06,120.80960484413161,110.56691328917097
2021-12-07,119.95196535892829,110.78939372145203
2021-12-08,119.32144452735972,110.49903056114138
2021-12-09,118.55264514958034,110.33634275782454
2021-12-10,117.42661260824849,110.36855288636
2021-12-13,117.52098613722185,110.47376549412485
2021-12-14,116.44837118410732,110.9675426952624
2021-12-15,116.83560668940589,111.0344101871505
2021-12-16,116.7986373398743,111.04682649019071
2021-12-17,116.5121037128819,110.87805105560571
2021-12-20,115.34844826298244,110.59312126938856
2021-12-21,114.62555065666574,110.28281939139282
2021-12-22,115.64084688126985,110.53217472198081
2021-12-23,116.32898820672489,110.30279965451675
2021-12-24,115.0757977590494,110.76689039121081
2021-12-27,115.23465403142768,110.95697637915329
2021-12-28,116.25006725642567,111.32875900065007
2021-12-29,114.09911734096715,111.29231746989068
2021-12-30,114.83333554748292,111.72803941530984
2021-12-31,114.00263343954767,111.64308920896558
2022-01-03,114.77167314502859,111.65507993476366
2022-01-04,113.8114729150177,111.25858585910562
2022-01-05,111.5341774704198,110.88461816835218
2022-01-06,109.5224604335898,110.7183148514669
2022-01-07,109.60993881121728,110.84902939249443
2022-01-10,109.96104909460153,110.96408329648928
2022-01-11,108.86682996463506,111.18853246208793
2022-01-12,109.68575715142002,111.27334318249369
2022-01-13,107.66589122428731,110.82866510981732
2022-01-14,107.61249143494305,110.68916664109089
2022-01-17,106.17177209588525,110.5749250829051
2022-01-18,105.41662139058316,110.71496791448531
2022-01-19,105.49999936477401,110.95195828472886
2022-01-20,104.50218193762875,110.75679252697061
2022-01-21,104.07384295120534,110.35213685929735
2022-01-24,105.2948108354615,110.48883098107152
2022-01-25,104.63477713580414,110.88120820008302
2022-01-26,105.65774043215185,111.27871980681863
2022-01-27,104.33934386676353,111.19328066870555
2022-01-28,104.99461871067109,111.14886422992637
2022-01-31,106.7519719772805,110.98712362665057
2022-02-01,103.82797935831438,111.34570836143625
2022-02-02,102.92007506977028,111.31146500817492
2022-02-03,103.62195977345819,111.518337110099
2022-02-04,103.40984089609717,111.53726383482135
2022-02-07,103.87224222627893,111.80592393838755
2022-02-08,103.18942018216171,112.2866177429172
2022-02-09,103.31693892736591,112.25064990378984
2022-02-10,103.16083769822603,112.33324954034427
2022-02-11,104.56238510264306,112.33497379989544
2022-02-14,104.89102097652645,112.29795588088527
2022-02-15,105.31997999469975,112.11173025679891
2022-02-16,104.85580005582973,111.76891092978889
2022-02-17,104.30406268730641,111.07657781041604
2022-02-18,103.82001127139728,111.08616587589657
2022-02-21,104.31180935241198,111.05411891549394
2022-02-22,103.84134855566609,111.28463210130361
2022-02-23,104.20948503336673,111.20847463694537
2022-02-24,106.71792729130172,110.72428366364655
2022-02-25,107.80456023670612,110.91956328684303
2022-02-28,107.4339645497137,111.5879459429089
2022-03-01,108.93485421202944,111.47884569569591
2022-03-02,108.45941748089894,111.71126132134708
2022-03-03,106.0084793950935,112.03217095063242
2022-03-04,104.83017244623731,111.7361152024805
2022-03-07,102.6558389117726,111.47631359621717
2022-03-08,102.27337855765724,111.63404108811864
2022-03-09,102.32064175932459,111.44474462270979
2022-03-10,104.3106656673618,111.05969161753055
2022-03-11,104.72457398367818,111.14764834030507
2022-03-14,104.49117384226892,111.79124814984458
2022-03-15,105.50521224942867,111.35364652482409
2022-03-16,102.91893234830358,111.11279176315195
2022-03-17,103.22038951207513,111.24810403631922
2022-03-18,104.15293737587315,111.07601773795311
2022-03-21,102.44724192052853,110.95411398600545
2022-03-22,103.8108070554649,110.88487783093856
2022-03-23,104.23640480371729,110.76712645053858
2022-03-24,103.77298688378818,110.69635683046532
2022-03-25,104.54670835369184,110.52693037878105
2022-03-28,107.30061196399647,110.75085818444224
2022-03-29,107.54933763455301,110.63560124694082
2022-03-30,107.87977671501949,110.44643698916741
2022-03-31,107.34650214151289,110.50491196547223
2022-04-01,106.3439641376591,110.70356917033229
2022-04-04,107.37711561050092,110.80089868128135
2022-04-05,106.3667661134007,110.94272942757549
2022-04-06,106.48007080163191,111.29909463404513
2022-04-07,105.93173606455217,110.72992273205891
2022-04-08,106.53559797547646,110.39233934631424
2022-04-11,106.96650305049968,110.1274071680014
2022-04-12,108.2597575226665,109.77575189985127
2022-04-13,107.66274759207724,109.81071214235227
2022-04-14,107.3609706533805,109.82714568496874
2022-04-15,106.20293569796905,110.1544093816239
2022-04-18,105.69600685865986,110.11347434262262
2022-04-19,106.17604030384453,109.7850450589117
2022-04-20,107.11843514781461,110.20228777027152
2022-04-21,106.03104149695733,110.55409828525555
2022-04-22,107.10883579331716,110.64506360746256
2022-04-25,108.79551786997077,111.17596558608531
2022-04-26,109.33441612922901,112.00737530758968
2022-04-27,111.7143606308437,111.85619072444315
2022-04-28,110.76651216979343,111.69713242362612
2022-04-29,109.24189119268064,111.95557430878608
2022-05-02,107.08779279863822,111.88294675318315
2022-05-03,108.9474563405575,112.13895292400228
2022-05-04,109.7866237408222,112.38620728414344
2022-05-05,109.74523141371306,112.25225882024897
2022-05-06,110.12205283608012,112.57850718459616
2022-05-09,108.75315165389097,112.8282380588635
2022-05-10,111.83963843691625,112.76836246862696
2022-05-11,112.03198946108415,113.11713003089103
2022-05-12,112.19944490231082,114.02790299455698
2022-05-13,113.15523536694184,114.27375342410349
2022-05-16,113.80289342513534,113.89371229924825
2022-05-17,114.12105006550273,113.83253213665878
2022-05-18,113.13137618431652,113.72545277718939
2022-05-19,113.76658936508011,113.52386599386344
2022-05-20,116.24990349105921,113.71253434316114
2022-05-23,118.0668533971423,114.29167432513267
2022-05-24,120.24955774260792,114.37604964294792
2022-05-25,119.5848025968042,114.10923834013103
2022-05-26,118.28037619506415,114.28197050508182
2022-05-27,118.14170106769429,113.95555042921193
2022-05-30,118.2463069758869,114.23112809958683
2022-05-31,119.75283812876378,114.31666846089887
2022-06-01,117.50634898115513,114.180435591659
2022-06-02,119.59236611659712,113.97279506143869
2022-06-03,119.40851871825214,114.1125545817411
2022-06-06,118.86202215480061,114.46978035879305
2022-06-07,117.53549022016094,114.88036828763593
2022-06-08,115.37978854127,114.94113436587708
2022-06-09,116.49125989064287,115.04386927900416
2022-06-10,116.61766578165076,115.00260264740041
2022-06-13,114.95343839506225,114.74587556282079
2022-06-14,113.30638536640825,114.5235435096795
2022-06-15,112.90437917452023,114.93339425978893
2022-06-16,115.09056708966183,114.74115799399081
2022-06-17,114.78135337895867,115.20080290942258
2022-06-20,112.87016538761456,115.0412517929196
2022-06-21,112.58459441547124,114.57652988330227
2022-06-22,112.26539533523588,114.41882966173185
2022-06-23,108.91187008543173,114.5221044374178
2022-06-24,108.87239981050081,114.48283044665975
2022-06-27,108.61517988873837,114.64529631687408
2022-06-28,109.50372735725142,115.28743674401336
2022-06-29,111.85204313986125,115.38599100220029
2022-06-30,113.31869693241555,115.3919309099755
2022-07-01,113.00233015321932,115.25743204707639
2022-07-04,111.62162342519784,115.20151884443139
2022-07-05,114.95573273619944,115.68843025233055
2022-07-06,115.06207554269355,116.0380345652143
2022-07-07,115.10938934983442,116.53293071249746
2022-07-08,115.10704365481146,116.61652210619357
2022-07-11,115.3950841119594,116.4457119276922
2022-07-12,115.23552020811216,116.47761400978034
2022-07-13,114.51736773147078,116.42028020903892
2022-07-14,113.83828307935701,116.85298285712634
2022-07-15,113.82482675845445,117.08909893627961
2022-07-18,113.15425497565454,116.55522018162898
2022-07-19,112.27174635338307,116.22452623269186
2022-07-20,112.43578056629748,116.15498793076624
2022-07-21,112.13956638486502,116.67078099539654
2022-07-22,114.09724100556986,116.48377646089455
2022-07-25,110.74664095485049,116.54533117155586
2022-07-26,112.15420755279118,116.67613213906178
2022-07-27,113.77891576434152,116.84491335171745
2022-07-28,111.16330865784083,117.03607632883994
2022-07-29,110.7602363043525,116.88299827851334
2022-08-01,110.32265095133967,117.18116008557107
2022-08-02,108.60340438908077,117.00369324557678
2022-08-03,107.67703361281464,117.28604686670747
2022-08-04,106.35650923147094,117.19254725059187
2022-08-05,108.51829750567464,117.06941037281531
2022-08-08,109.70353266155686,117.0589262500525
2022-08-09,111.32488562818013,116.82591263551676
2022-08-10,112.26801351356173,116.96245981222046
2022-08-11,110.86795752405874,117.57858038247394
2022-08-12,110.23843327053085,116.9347911909051
2022-08-15,110.87991354500116,117.05237387519898
2022-08-16,109.3816675777416,116.369507344099
2022-08-17,110.29748454362095,116.49998380397935
2022-08-18,110.02518137011835,115.89480960451475
2022-08-19,109.58630006277836,115.70384443444365
2022-08-22,110.50127619511636,115.7615103847479
2022-08-23,111.08744869523441,115.37420783487109
2022-08-24,110.66171333521152,115.41898111271742
2022-08-25,112.15441859625092,115.61547416780533
2022-08-26,110.81606201617775,115.85393468495523
2022-08-29,111.6209722598987,115.47782191759532
2022-08-30,112.40262221507153,115.7111799217013
2022-08-31,112.0371501879357,115.5657712098342
2022-09-01,112.48070433164091,115.72928946602221
2022-09-02,110.92436470247206,116.06134027768506
2022-09-05,112.12106512768669,115.91020392244835
2022-09-06,111.91456946342694,116.05271181997902
2022-09-07,111.2813701597517,115.84578191577705
2022-09-08,112.64144056577774,115.52184087163148
2022-09-09,111.7737064544649,115.87056545636962
2022-09-12,110.03066216944836,115.47485898734166
2022-09-13,108.13297640930264,115.82328914764058
2022-09-14,108.90614043555786,116.12550972304471
2022-09-15,107.3635656530736,115.76858301647302
2022-09-16,109.54895808578907,115.63298803301174
2022-09-19,107.02022862878795,115.62604660400213
2022-09-20,109.12642264563569,115.25965728823088
2022-09-21,109.41554123243546,115.26942199856862
2022-09-22,109.32329371126919,115.11076742667099
2022-09-23,108.67740019562424,115.03683133802527
2022-09-26,109.19800734237046,114.66287820336225
2022-09-27,109.17905627392031,114.35438665387649
2022-09-28,110.58148771777745,114.29121058430016
2022-09-29,110.75284410284394,114.4175933143253
2022-09-30,110.96984806607931,114.6559891160007
2022-10-03,110.54124674573195,114.10776057567983
2022-10-04,110.4978647176484,114.01369086269004
2022-10-05,110.91226856930392,114.61632001749886
2022-10-06,108.80977817306952,114.70047303700484
2022-10-07,107.18618747170848,114.2893756145076
2022-10-10,108.12072094293403,114.09154326229994
2022-10-11,108.35783051573947,114.17954133591293
2022-10-12,108.15939249961654,114.44480811671285
2022-10-13,108.20939486646802,114.794409518035
2022-10-14,108.66421944925999,115.34041932377957
2022-10-17,108.02853953286925,115.47471814859578
2022-10-18,107.10647955719897,115.70764772577782
2022-10-19,107.37177304841481,116.2233297129943
2022-10-20,106.21409240153153,116.84002433447243
2022-10-21,106.73393217903305,116.84449092865997
2022-10-24,104.71965359834918,116.92779349834672
2022-10-25,105.97566755128823,117.47074742687742
2022-10-26,106.57206710292628,117.56933368442819
2022-10-27,106.90896967040486,117.366009816532
2022-10-28,108.13425582820571,117.5367582445013
2022-10-31,110.22364568523761,117.4346904504763
2022-11-01,111.52697549873665,117.74168844918964
2022-11-02,109.25079569567635,117.61150521666683
2022-11-03,107.70438010034624,118.23329686946191
2022-11-04,106.97109423836832,118.22989329868582
2022-11-07,107.02983955880741,118.24586278237234
2022-11-08,107.68718036740988,118.34679181956224
2022-11-09,106.83168509024388,117.93233188837779
2022-11-10,107.08527397016252,118.13466372294124
2022-11-11,106.19886350599417,118.47464606408565
2022-11-14,105.49173638871807,117.69934588654954
2022-11-15,103.84877545528836,117.65431624699569
2022-11-16,102.79332842859428,117.71425552079815
2022-11-17,101.25549379057159,117.67088630697727
2022-11-18,100.16659763954398,117.89631329001256
2022-11-21,101.3961503837655,117.79788022229832
2022-11-22,100.33585702742079,117.76173219809311
2022-11-23,103.4020420034152,117.77192177072304
2022-11-24,104.00839159272526,117.9711925347886
2022-11-25,104.25299648461876,117.69884151264374
2022-11-28,103.26938018174762,117.9176046374008
2022-11-29,104.11903979497987,117.66696129633958
2022-11-30,103.46784759198795,117.92563492849129
2022-12-01,103.63732543084609,117.84432372383387
2022-12-02,106.71688078615024,117.31504552530994
2022-12-05,106.62769824740417,117.42465220599638
2022-12-06,108.0536670317774,117.31909089223447
2022-12-07,107.22269400688427,117.56058620104022
2022-12-08,107.20730248036676,117.75389305037656
2022-12-09,109.40936974062537,118.08140158402172
2022-12-12,108.66182856934942,118.26025557064779
2022-12-13,110.94615337320526,118.56590228787749
2022-12-14,111.8684140558217,118.88702302972032
2022-12-15,111.1853587170893,119.22999012896969
2022-12-16,112.0138709363115,118.90825316516418
2022-12-19,113.28464308334385,119.14475807092538
2022-12-20,114.11508464642715,119.7189548514536
2022-12-21,112.1296682064097,119.57441964617601
2022-12-22,111.2371231609609,119.77164355492673
2022-12-23,110.95345006436939,120.26721646739564
2022-12-26,110.88791578072754,120.51619927375611
2022-12-27,111.69934678121768,120.3208022913137
2022-12-28,111.95298122305826,120.2763745732646
2022-12-29,110.29854837116488,120.71294933449614
2022-12-30,110.80312506298331,120.46104213687883
2023-01-02,111.60117121402537,120.74970245223847
2023-01-03,112.34024256364357,121.08119714159808
2023-01-04,113.75422755037168,121.26991951575295
2023-01-05,114.86404199632285,121.49866381213464
2023-01-06,115.49289036142345,121.59163403506834
2023-01-09,115.43026056581229,121.72161822969092
2023-01-10,113.30532781132203,121.7879854777786
2023-01-11,113.88746117982642,121.84846390854212
2023-01-12,114.18488235664748,121.41425280269038
2023-01-13,114.56604844067213,121.46947607522807
2023-01-16,112.94801916484974,121.73692178026087
2023-01-17,111.60020101120823,121.73767328932148
2023-01-18,112.96947580707109,121.61555908991843
2023-01-19,112.9474106535739,121.81514070382191
2023-01-20,113.85241268796938,121.43335717635941
2023-01-23,113.91781403761088,120.77563757853535
2023-01-24,113.98511120678789,120.84410494342939
2023-01-25,115.23345906303572,120.62156228377434
2023-01-26,114.59015885613016,120.21456543999409
2023-01-27,114.74416620827603,120.1286222939836
2023-01-30,114.17318634001235,120.05783009765494
2023-01-31,113.64083724804601,120.42242608678026
2023-02-01,113.27181998430662,120.47816747215047
2023-02-02,113.58623765770454,120.73568412526868
2023-02-03,112.99991054300452,121.00155902351734
2023-02-06,114.64944147510052,121.11901690596181
2023-02-07,113.52106552105154,121.27247724094956
2023-02-08,113.30946097881134,121.1707849136778
2023-02-09,112.77444493521894,121.11372282904902
2023-02-10,114.66904651865686,121.22237870196761
2023-02-13,114.95399666058638,121.31298659485887
2023-02-14,116.3363089091378,122.32699679535104
2023-02-15,114.42203963247981,122.48399515254324
2023-02-16,114.79810244380447,122.2999102484009
2023-02-17,115.99134707720968,121.97562207275973
2023-02-20,116.12901617948124,121.54469205564078
2023-02-21,117.57029005518862,121.99834827932705
2023-02-22,116.91229553320264,121.72651021828354
2023-02-23,118.82570022000569,121.99558463752993
2023-02-24,121.99474188332728,122.26301796774044
2023-02-27,121.52462492589176,122.02243153277614
2023-02-28,120.94290410885007,122.16521190622191
2023-03-01,122.98366884088941,122.48592581077251
2023-03-02,125.23793551828865,121.94106655493731
2023-03-03,124.5291607390972,122.14431903537577
2023-03-06,123.96863811884573,122.53254349169389
2023-03-07,123.60446298775274,122.50861644970745
2023-03-08,121.76527199459024,122.3567800200344
2023-03-09,120.53399532972688,122.22588060701842
2023-03-10,119.19956682339733,121.46209140009576
2023-03-13,118.19623942774216,121.2243068568657
2023-03-14,118.1796795156465,121.36374175122964
2023-03-15,118.52395524644317,120.96550657629382
2023-03-16,120.65669622527302,120.95591723627892
2023-03-17,119.32873883552037,121.24673628152325
2023-03-20,120.69860097574818,121.20278583470893
2023-03-21,120.43657987559399,121.48735035644987
2023-03-22,120.39952830689839,121.1336526476125
2023-03-23,121.35504722047759,121.04350054763844
2023-03-24,119.8502716009902,121.48456306756954
2023-03-27,120.40156373239921,121.22665417390112
2023-03-28,120.65956717239979,121.19864367708905
2023-03-29,121.36592225476794,122.36400597696206
2023-03-30,121.79534933448947,122.57645713745993
2023-03-31,125.2655436233018,122.63038612697275
2023-04-03,124.39446875610527,122.17859374960244
2023-04-04,123.6790558524065,122.03650214861268
2023-04-05,122.83934656989643,121.92075274360946
2023-04-06,122.09898061422082,121.56538219185879
2023-04-07,121.25041060160446,121.32229461227739
2023-04-10,122.92731810701369,121.47132204735884
2023-04-11,124.95497217487295,121.223117961922
2023-04-12,124.18035314455433,121.31629479152286
2023-04-13,123.04499718947457,120.82209765894862
2023-04-14,123.73579956254875,120.42168200385386
2023-04-17,122.99456872626018,120.92273562825643
2023-04-18,123.9118151589457,121.20825399953077
2023-04-19,124.2287035038201,121.39681082150237
2023-04-20,122.14275721377403,121.60207915924094
2023-04-21,124.33639259421912,121.50836934908415
2023-04-24,126.9263820312966,121.79286280032579
2023-04-25,126.07942346273009,121.58766822807638
2023-04-26,125.55816350578333,121.84717060411427
2023-04-27,125.99770454583461,121.67466399437892
2023-04-28,126.50846804947106,121.90080092037957
2023-05-01,127.48893949822711,122.06126266424715
2023-05-02,130.4612650782338,122.19876931843585
2023-05-03,130.2327383795776,121.71497571344298
2023-05-04,129.09189043093716,121.47605577354183
2023-05-05,127.12077824611269,121.78952949953408
2023-05-08,126.10348146211248,121.72601518445647
2023-05-09,126.08804104093743,121.67410115892075
2023-05-10,128.71259196549516,121.56367436225983
2023-05-11,127.99176982792851,121.88921248021715
2023-05-12,128.34945422812334,121.95561262639585
2023-05-15,128.35804834162593,121.8683116278492
2023-05-16,130.13233565824686,121.67689275356841
2023-05-17,133.94882102733897,121.6444779320243
2023-05-18,133.17865305161328,121.55536736332616
2023-05-19,132.47513081689297,121.87336250789438
2023-05-22,134.08685772385286,121.92713067303782
2023-05-23,135.16184054263394,121.87515057529083
2023-05-24,138.0568762105767,120.74789068549995
2023-05-25,139.00918979384576,120.72965582110827
2023-05-26,138.47907480890083,120.81833296682485
2023-05-29,139.44493618619188,120.4226309313977
2023-05-30,141.244791102795,120.78237712158054
2023-05-31,142.60107695892214,120.53868055818991
2023-06-01,143.45999010389028,120.1941669745221
2023-06-02,145.24243480653496,119.8968677794451
2023-06-05,147.21823103706416,119.65696344843653
2023-06-06,149.58150604771288,119.59437765780316
2023-06-07,150.72399077506736,119.46153520376413
2023-06-08,150.4767402240206,119.42706209519909
2023-06-09,150.76544332995607,119.2899820297679
2023-06-12,152.8808674617996,119.1290841927412
2023-06-13,151.50959690387882,118.46407355826773
2023-06-14,152.1828115644325,118.55986110851855
2023-06-15,151.54394327758826,118.67430888461728
2023-06-16,151.63172934624387,119.04095918335382
2023-06-19,153.88478974998114,118.75126884313157
2023-06-20,154.25764721050678,118.95874745923325
2023-06-21,154.3779712024744,118.98906369191901
2023-06-22,152.05431752739108,119.38413073979785
2023-06-23,153.3852459166981,119.6417708485605
2023-06-26,154.55113015387877,120.02802202155742
2023-06-27,158.42909746762405,120.09607030182346
2023-06-28,157.91713858041615,120.11465756996107
2023-06-29,158.35012491567787,120.3145453767383
2023-06-30,158.83874125521317,120.73945464196458
2023-07-03,161.74633830822384,120.75186676377166
2023-07-04,161.61256875095987,120.56967926766123
2023-07-05,162.16574043013316,120.70008375939649
2023-07-06,163.32873915682327,120.80317334264457
2023-07-07,163.71614378051322,120.4854846952466
2023-07-10,162.93073809285792,120.19817046862025
2023-07-11,163.3310526687846,120.08138053801913
2023-07-12,165.37343407336508,119.97096771665461
2023-07-13,163.50110334859744,120.12679812599943
2023-07-14,163.78926755197736,120.30489597206369
2023-07-17,162.53529828056054,120.07863313864387
2023-07-18,164.794448076522,119.77584091757711
2023-07-19,162.01368169637658,119.40609097743291
2023-07-20,161.03091789160675,119.14748686617675
2023-07-21,161.76210015985498,119.19070139282711
2023-07-24,164.70093051354078,119.42646147723417
2023-07-25,164.61985778340892,119.49141004918977
2023-07-26,163.62819122802443,119.59492697204242
2023-07-27,167.19824733649793,119.21953856228504
2023-07-28,164.51709050202615,119.48340043866534
2023-07-31,160.50667283504401,119.58801189944425
2023-08-01,161.35033367201524,119.68813353682684
2023-08-02,160.4750375660167,119.67408577285663
2023-08-03,158.6676692248301,119.78614468769881
2023-08-04,159.9877205825473,119.79844814694027
2023-08-07,160.4712310616395,119.76213554015054
2023-08-08,159.48849770349418,120.15832127134966
2023-08-09,157.22968408025005,120.02249111404831
2023-08-10,158.83304244658524,120.09553110452758
2023-08-11,160.04889559206651,119.87754562017142
2023-08-14,159.90949389173045,120.0438756185659
2023-08-15,163.3344700633799,119.90779152906069
2023-08-16,161.40546509781396,120.02594446664307
2023-08-17,158.67767777996605,120.06943743154636
2023-08-18,157.47750701461243,119.81823827309852
2023-08-21,157.43598217005228,120.57163425669621
2023-08-22,157.91095494015883,120.44359658672418
2023-08-23,157.51947676951664,120.61919514855035
2023-08-24,158.18958522856903,120.8173477503063
2023-08-25,156.00004124806432,120.45549334965999
2023-08-28,158.61505009268953,120.55603910696966
2023-08-29,158.5074928803312,120.38954340349883
2023-08-30,160.56903655718966,120.15396086923138
2023-08-31,161.23505982778775,120.02465343714037
2023-09-01,162.11331539341538,121.14875127450414
2023-09-04,163.20536189620876,121.32086845460131
2023-09-05,164.07752166973034,121.12256187084911
2023-09-06,165.31950160798328,121.12151193526893
2023-09-07,167.87242611923782,121.39217089115739
2023-09-08,168.28952139866988,121.80757801946352
2023-09-11,169.69086820057683,121.94425690016615
2023-09-12,169.56121750459346,121.81192079173312
2023-09-13,172.39642058918153,122.00283051661853
2023-09-14,171.12259039985557,121.73259466882256
2023-09-15,174.69718824118505,121.41658940020406
2023-09-18,174.6618726244719,121.91879324077726
2023-09-19,171.89462751450984,121.61375242615054
2023-09-20,172.18808563394134,121.72839203183202
2023-09-21,170.90676521717594,122.36998877485483
2023-09-22,172.58732696412892,122.67547713634137
2023-09-25,171.35826228051118,122.12254617555199
2023-09-26,170.53667835620442,122.3941316514848
2023-09-27,166.9639953585386,122.05790518332466
2023-09-28,166.1519440879551,121.8333256909019
2023-09-29,161.6885027921326,122.14092052083119
2023-10-02,158.8507475457397,122.50260991990032
2023-10-03,160.2668972077435,122.81192936312513
2023-10-04,161.74222171750816,123.59865226752791
2023-10-05,162.56554167249374,124.05517466213203
2023-10-06,160.83354522554802,124.32754079296673
2023-10-09,160.78726056275366,124.35228984647767
2023-10-10,160.82140344686212,124.61557398752012
2023-10-11,158.7630767365514,125.31017755688809
2023-10-12,161.53359127292546,125.48724613180575
2023-10-13,163.18991485838725,125.45029439925266
2023-10-16,162.82277197573453,125.09501333715612
2023-10-17,162.9136575451153,125.04469462812722
2023-10-18,163.34039981896706,125.4791430340596
2023-10-19,159.6427398951449,125.90136871567064
2023-10-20,159.23624060962365,126.20138279050958
2023-10-23,158.0496287344608,126.00267802698694
2023-10-24,156.30433323064634,126.1493071004149
2023-10-25,155.8463767658206,126.00041439708343
2023-10-26,159.09599808251048,125.50411558145085
2023-10-27,160.2968535939797,125.6841617706727
2023-10-30,159.30236210187735,125.13141650880104
2023-10-31,160.38059316907987,125.07249357931765
2023-11-01,162.98693947923212,125.21734926998501
2023-11-02,164.7464469415321,125.14621759588339
2023-11-03,164.89962018032344,125.20543324022158
2023-11-06,163.7358612514594,125.56459080478564
2023-11-07,165.07910942997106,125.42821464143432
2023-11-08,165.85927528653266,125.18307060213603
2023-11-09,167.5938346372323,125.8849089852805
2023-11-10,168.84797385060594,125.53334626835499
2023-11-13,170.91267111691087,126.00148359314187
2023-11-14,169.92155826531757,125.19122902975697
2023-11-15,172.52254572909308,125.57957007079965
2023-11-16,172.95330959306986,125.47789487776318
2023-11-17,177.1162138226974,125.57319835502821
2023-11-20,175.7820036476036,125.41375123733643
2023-11-21,179.32176565042036,125.21949337894709
2023-11-22,179.77014049017126,125.2663836726535
2023-11-23,178.49236483788036,125.37567530645892
2023-11-24,177.5606518766517,125.0972666766361
2023-11-27,176.96164759130164,125.27914299891785
2023-11-28,177.859834448669,125.36388179662119
2023-11-29,178.9626929723651,125.7108903999436
2023-11-30,177.84731352290063,125.41404578599725
2023-12-01,177.84322654687995,125.02802769568953
2023-12-04,182.26226197305272,125.39136710585134
2023-12-05,185.91476622878568,124.8251056899242
2023-12-06,186.8841568076021,125.25085716309725
2023-12-07,187.0120467915813,125.372753983873
2023-12-08,187.31416577104412,125.30753752215018
2023-12-11,188.6695463132631,125.47280704028847
2023-12-12,186.5413349373345,125.83511551459404
2023-12-13,186.044826722789,125.91788885693876
2023-12-14,182.60417976184758,126.32770762586915
2023-12-15,183.4791060416719,126.68434182919948
2023-12-18,184.8773226397528,126.97237395135383
2023-12-19,183.91373926760406,126.61275420341009
2023-12-20,187.27298145798449,126.11038822035073
2023-12-21,184.73486680023083,125.48817681754375
2023-12-22,181.73877773742404,125.14186554387831
2023-12-25,182.24803481294046,125.4709411342883
2023-12-26,184.47145595827828,125.86858749354835
2023-12-27,188.0751959159482,125.84444552920233
2023-12-28,187.14650836218237,125.94913001467532
2023-12-29,189.497539992367,125.47637788286872
2024-01-01,189.4627759924149,125.52705267848478
2024-01-02,189.1401618834196,125.23547824385268
2024-01-03,191.0932013015338,125.24937314919188
2024-01-04,192.5606356950361,125.45250992059206
2024-01-05,189.19716312081474,124.99208425178008
2024-01-08,192.44015665701687,125.0302077229284
2024-01-09,195.5247892327835,125.43009636370581
2024-01-10,194.1919554264593,125.33165779698771
2024-01-11,195.11483753339675,124.93978568527334
2024-01-12,196.2605760723873,125.20843960347123
2024-01-15,196.8913755079599,125.41662861881815
2024-01-16,195.71616736283616,125.28399362265688
2024-01-17,194.2805338703683,125.01375107436807
2024-01-18,194.2734269607965,125.04772097479409
2024-01-19,196.9238795544632,125.78744966016922
2024-01-22,198.19160738924603,125.66081710047625
2024-01-23,197.41045318524448,125.48204769334164
2024-01-24,199.19584677854212,125.55124620299058
2024-01-25,192.91356381708852,125.45656225383549
2024-01-26,195.4923378349422,125.63673499779166
2024-01-29,191.72227884759582,125.12989427104695
2024-01-30,190.98432205074855,125.52059686811529
2024-01-31,188.6226866113342,125.62700766910892
2024-02-01,185.9209380460893,126.15478363707955
2024-02-02,188.4320062430947,126.30004512877639
2024-02-05,187.48281234057256,126.42764600468537
2024-02-06,188.26853719860998,126.25669518198723
2024-02-07,188.21604494138734,125.94115714695609
2024-02-08,189.28480534505306,126.0542006949026
2024-02-09,189.4977290172995,126.04866834514232
2024-02-12,186.80820533001125,125.90968127088267
2024-02-13,188.97830669574688,126.12280652037452
2024-02-14,187.9708185465815,125.72351669169754
2024-02-15,184.7290071910571,125.49421560515273
2024-02-16,183.88098545356587,125.31838107890434
2024-02-19,187.08422588403158,124.9177704325673
2024-02-20,188.94438343852823,124.69085311845127
2024-02-21,188.24654913602916,124.17719861047469
2024-02-22,187.55000434737786,124.18807916175048
2024-02-23,186.91457151073655,124.78927409063371
2024-02-26,191.41674439129125,124.9020168610601
2024-02-27,192.29619671218344,124.903529722396
2024-02-28,193.28509266742168,124.80221324006907
2024-02-29,195.60586737135924,125.18071573867368
2024-03-01,196.18587331759082,125.18739323122145
2024-03-04,195.65999937967234,125.40374559684686
2024-03-05,195.27429914924832,125.19659561179861
2024-03-06,195.16522843221088,125.90644410596585
2024-03-07,195.13227056262846,125.92448377055948
2024-03-08,196.79869574930245,125.60701268368489
2024-03-11,196.96450658572059,125.93872782973199
2024-03-12,198.65786527597868,126.32781564520141
2024-03-13,198.526384308877,126.59826398864841
2024-03-14,198.75379020733888,126.37629031629352
2024-03-15,194.35036437205127,126.06105706226742
2024-03-18,196.42995132026786,126.10372308780447
2024-03-19,197.25313843558402,125.70840924663882
2024-03-20,199.54852026606778,125.78544929969217
2024-03-21,193.1505895859346,125.62165986449578
2024-03-22,197.82904715211419,125.9307829741386
2024-03-25,197.56618389338132,125.74261984859731
2024-03-26,200.11504439750277,126.19361937021955
2024-03-27,197.81933662727585,126.14693075434926
2024-03-28,199.2490501388779,125.2374213176964
2024-03-29,196.93310751879986,124.9895179316663
2024-04-01,195.594651809886,124.72106564905863
2024-04-02,199.93666970021812,124.76449309381368
2024-04-03,199.5553625431618,124.57201849132362
2024-04-04,200.0986181876889,125.16339497595403
2024-04-05,202.13365788687403,125.56489939714814
2024-04-08,203.3244197432,125.18788739034288
2024-04-09,203.7230747412549,124.93534325317242
2024-04-10,204.6196803471362,125.1860617119176
2024-04-11,210.3259318660673,124.43263018955379
2024-04-12,210.24178443783964,124.90049131577146
2024-04-15,210.77509116737255,124.87224468814935
2024-04-16,213.35514443508526,125.13740366048434
2024-04-17,216.10119263515068,125.40330287306136
2024-04-18,219.08496344635685,125.74911400484112
2024-04-19,220.73332751313623,125.57986367723034
2024-04-22,217.9461528920668,125.8230413799522
2024-04-23,222.0766459799286,125.99626206527144
2024-04-24,219.2642040952175,125.69570794541434
2024-04-25,220.0736256273137,125.90210287042234
2024-04-26,218.2546810689226,125.11004237760959
2024-04-29,218.15123412796106,125.82789277874242
2024-04-30,219.02142295318154,125.93781049596882
2024-05-01,219.87661973698903,126.07733661352825
2024-05-02,220.98699992659309,126.15337642995163
2024-05-03,225.12477778260137,126.40859959344242
2024-05-06,226.34278243156416,127.00414883758542
2024-05-07,225.7741775164571,127.33858768506224
2024-05-08,228.3136132997353,127.72884420937854
2024-05-09,231.4724090264124,127.63905010712998
2024-05-10,228.33048917028887,128.33973225373458
2024-05-13,229.94063065336982,128.48308137014087
2024-05-14,231.83475945985666,128.3024747409908
2024-05-15,231.11235921957828,128.2455490332002
2024-05-16,234.8051965300357,127.49860782789064
2024-05-17,234.46537528491055,127.80285579866803
2024-05-20,234.85892185961973,128.16775298148394
2024-05-21,234.4578261658733,127.57654760218082
2024-05-22,234.55862352099595,128.08925344229343
2024-05-23,231.7196263856487,128.13938417382843
2024-05-24,228.02440581848737,128.4033688150527
2024-05-27,232.2433696303825,128.61217314005523
2024-05-28,230.08190735974705,128.75130403827302
2024-05-29,227.56757027268836,128.8031509677943
2024-05-30,222.1345395458791,128.31169778505705
2024-05-31,220.5867985604288,128.16162998144313
2024-06-03,217.3571837030084,128.62927953443076
2024-06-04,221.49807188642367,128.0508974683712
2024-06-05,224.10558642595126,128.27592924812114
2024-06-06,222.42002346632196,128.5973075099959
2024-06-07,228.23161939967127,128.17842138400104
2024-06-10,230.84496469942638,128.67119697099426
2024-06-11,230.05450742177823,129.0076086611453
2024-06-12,223.68277102721038,129.49576471711185
2024-06-13,229.62760062250186,129.7537919752739
2024-06-14,226.09511483602046,129.8433204470772
2024-06-17,221.97214018513728,129.7207978513392
2024-06-18,224.6177150056842,130.41750052153432
2024-06-19,230.97680156460513,130.72605168569643
2024-06-20,234.69026707269163,131.00530418755451
2024-06-21,236.2555209851013,131.1492637921356
2024-06-24,237.91441074926607,130.9833551912102
2024-06-25,240.28866892338067,130.64842755195315
2024-06-26,242.4267501938524,130.0830138935673
2024-06-27,243.26251998128564,129.85770498146087
2024-06-28,243.61178018979635,129.89192194572146
2024-07-01,243.50058102383906,130.20814053677634
2024-07-02,241.48886114431528,130.11916088755768
2024-07-03,240.7824832428533,130.01244593733298
2024-07-04,236.26423428027573,129.65934193802374
2024-07-05,236.06068776803681,129.89691407226312
2024-07-08,233.48843071571096,130.03396311080027
2024-07-09,230.643257411093,129.66503464607283
2024-07-10,231.1727251724841,129.71302565935065
2024-07-11,234.90992811448766,129.88617597776422
2024-07-12,237.428864856521,129.90799074331423
2024-07-15,233.29725986154384,129.85211408865732
2024-07-16,230.7524013670126,129.61845993361388
2024-07-17,233.2861466570401,129.73981579699822
2024-07-18,230.7600929104617,129.5023266511144
2024-07-19,230.23135303318614,129.69698722609397
2024-07-22,231.7304552202594,129.71255185508724
2024-07-23,229.25800891751592,129.54016411845743
2024-07-24,229.5902196876594,128.52815069450818
2024-07-25,226.20073514781689,129.4113070617281
2024-07-26,224.72043535842144,129.3250500486672
2024-07-29,225.59385505938562,128.9558307703514
2024-07-30,221.6116674720193,128.66111818595425
2024-07-31,222.77767325026096,128.4545592352227
2024-08-01,222.78446871754315,128.61356087783707
2024-08-02,224.24128065569496,128.93091012828532
2024-08-05,224.86826462171422,128.94496375977468
2024-08-06,228.43136959383702,129.2513404472905
2024-08-07,228.81387504139238,129.5735810021321
2024-08-08,227.76014366923403,129.63899891676164
2024-08-09,228.1339534812347,129.52802832992774
2024-08-12,229.60181441157212,129.33217043654892
2024-08-13,229.78722283502356,129.216583489708
2024-08-14,229.95122098283346,129.32972290268685
2024-08-15,228.18587562666318,129.68128654113764
2024-08-16,226.53447152911411,130.20969925815265
2024-08-19,223.01660961298188,129.65923217733527
2024-08-20,227.54266548727372,129.72970390496735
2024-08-21,224.41271912753243,129.4978211592946
2024-08-22,222.71283825631622,129.78041015256196
2024-08-23,220.96192966262063,129.45785965816782
2024-08-26,223.27207296369917,129.7958656715727
2024-08-27,222.5829509837529,130.26549478137048
2024-08-28,225.81161402245868,129.43589434761537
2024-08-29,224.15047598887773,129.9439379636703
2024-08-30,224.91763424801974,129.91463965871608
2024-09-02,222.8536982539121,129.72128396139348
2024-09-03,228.39860587927993,129.64961285463806
2024-09-04,225.40064162158478,129.63580284601937
2024-09-05,226.25114864242164,129.74841895047868
2024-09-06,227.94062728251689,130.01534388066446
2024-09-09,229.07063453023127,130.06116778168166
2024-09-10,228.64775093034518,130.01084082025213
2024-09-11,228.36923252874394,129.80585043766655
2024-09-12,228.54056227118465,130.10926659835454
2024-09-13,228.21770926798922,129.96826406774852
2024-09-16,230.78408467610262,129.83933725837915
2024-09-17,236.70170613297924,129.78117407963708
2024-09-18,235.26970488699294,129.1843727149662
2024-09-19,231.70235727182188,129.86974793289124
2024-09-20,231.52914350274813,129.7941997026831
2024-09-23,238.4620276574656,129.76780002648104
2024-09-24,236.3586715578302,129.5231323487784
2024-09-25,240.85364292161478,129.4045943440473
2024-09-26,245.54149907673542,129.48707981581683
2024-09-27,244.06682138109014,129.02523103355904
2024-09-30,245.70874773577836,128.89156572833934
2024-10-01,250.35110158901767,128.60434895910748
2024-10-02,249.34029475587187,128.93502240743877
2024-10-03,248.8283743949131,129.38138154175164
2024-10-04,247.25518287306113,129.4966497410894
2024-10-07,244.48839587945216,129.40999887660448
2024-10-08,242.75650560508814,129.31865272733984
2024-10-09,239.47137811599015,130.10100492530876
2024-10-10,239.62460373912825,130.50310029658098
2024-10-11,237.6017722681106,130.9212783889827
2024-10-14,238.2927844015509,130.70719387830576
2024-10-15,234.18492486104392,130.71650231425514
2024-10-16,235.1247170500355,130.7128796188978
2024-10-17,237.4175935794238,130.23362293476234
2024-10-18,232.16931841291327,130.31482443413017
2024-10-21,233.21516996164297,130.90822205143937
2024-10-22,236.54421266054393,131.14594857875582
2024-10-23,233.38099058135938,131.09747022344555
2024-10-24,237.9095676705753,131.39716652696765
2024-10-25,239.10314724746294,132.01957720833084
2024-10-28,237.25941695894076,131.77358629346082
2024-10-29,237.16946825642293,131.77780554805742
